[
  {
    "cliente": {
      "nombre": "Juan Jojo",
      "email": "Jojo@ejemplo.com",
      "direccion": "Calle 12138"
    },
    "productos": [
      {
        "nombre": "Pepsi cola",
        "cantidad": 2,
        "precio": 2.5
      },
      {
        "nombre": "Coca cola",
        "cantidad": 1,
        "precio": 3.0
      }
    ]
  },
  {
    "cliente": {
      "nombre": "Dio Jojo",
      "email": "Dio@ejemplo.com",
      "direccion": "Calle 10086"
    },
    "productos": [
      {
        "nombre": "Pan",
        "cantidad": 3,
        "precio": 1.5
      },
      {
        "nombre": "Huevos",
        "cantidad": 12,
        "precio": 4.0
      }
    ]
  }
]